{"accessibility":{"icons":["accessible-icon","audio-description","braille","circle-info","circle-question","closed-captioning","ear-deaf","ear-listen","eye","eye-low-vision","fingerprint","hands","hands-asl-interpreting","handshake-angle","person-walking-with-cane","phone-volume","question","tty","universal-access","wheelchair"],"label":"Accessibility"},"alert":{"icons":["bell","bell-slash","circle-exclamation","circle-radiation","exclamation","question","radiation","skull-crossbones","triangle-exclamation"],"label":"Alert"},"alphabet":{"icons":["a","b","c","circle-h","d","e","f","g","h","i","j","k","l","m","n","o","p","q","r","s","square-h","t","u","v","w","x","y","z"],"label":"Alphabet"},"animals":{"icons":["cat","crow","dog","dove","dragon","feather","feather-pointed","fish","frog","hippo","horse","horse-head","kiwi-bird","otter","paw","spider"],"label":"Animals"},"arrows":{"icons":["angle-down","angle-left","angle-right","angle-up","angles-down","angles-left","angles-right","angles-up","arrow-down","arrow-down-1-9","arrow-down-9-1","arrow-down-a-z","arrow-down-short-wide","arrow-down-wide-short","arrow-down-z-a","arrow-left","arrow-pointer","arrow-right","arrow-rotate-left","arrow-rotate-right","arrow-trend-down","arrow-trend-up","arrow-up","arrow-up-1-9","arrow-up-9-1","arrow-up-a-z","arrow-up-from-bracket","arrow-up-short-wide","arrow-up-wide-short","arrow-up-z-a","arrows-rotate","caret-down","caret-left","caret-right","caret-up","chevron-down","chevron-left","chevron-right","chevron-up","circle-arrow-down","circle-arrow-left","circle-arrow-right","circle-arrow-up","circle-chevron-down","circle-chevron-left","circle-chevron-right","circle-chevron-up","circle-down","circle-left","circle-right","circle-up","clock-rotate-left","cloud-arrow-down","cloud-arrow-up","down-left-and-up-right-to-center","down-long","download","left-long","left-right","location-arrow","maximize","recycle","repeat","reply","reply-all","retweet","right-from-bracket","right-left","right-long","right-to-bracket","rotate","rotate-left","share","share-from-square","shuffle","sort","sort-down","sort-up","square-caret-down","square-caret-left","square-caret-right","square-caret-up","square-up-right","turn-down","turn-up","up-down","up-down-left-right","up-long","up-right-and-down-left-from-center","up-right-from-square","upload"],"label":"Arrows"},"astronomy":{"icons":["globe","meteor","moon","satellite","satellite-dish","shuttle-space","user-astronaut"],"label":"Astronomy"},"automotive":{"icons":["bus","bus-simple","car","car-battery","car-crash","car-rear","car-side","caravan","charging-station","gas-pump","gauge-simple","motorcycle","oil-can","spray-can-sparkles","taxi","trailer","truck","truck-medical","truck-monster","truck-pickup","van-shuttle"],"label":"Automotive"},"buildings":{"icons":["archway","bank","building","campground","church","city","dungeon","gopuram","home","hospital","hospital-user","hospital-wide","hotel","house-crack","house-medical","igloo","industry","kaaba","landmark","monument","mosque","place-of-worship","school","shop","store","synagogue","torii-gate","vihara","warehouse"],"label":"Buildings"},"business":{"icons":["address-book","address-card","bars-staggered","book","box-archive","briefcase","briefcase-clock","building","bullhorn","bullseye","cake-candles","calculator","calendar","calendar-days","certificate","chart-area","chart-bar","chart-gantt","chart-line","chart-pie","city","clipboard","compass","copy","copyright","diagram-project","envelope","envelope-open","eraser","fax","file","file-lines","floppy-disk","folder","folder-minus","folder-open","folder-plus","folder-tree","glasses","globe","highlighter","house-laptop","industry","landmark","marker","mug-saucer","network-wired","note-sticky","paperclip","paste","pen","pen-clip","pen-fancy","pen-nib","pen-to-square","pencil","percent","phone","phone-flip","phone-slash","phone-volume","print","registered","scale-balanced","scale-unbalanced","scale-unbalanced-flip","scissors","signature","sitemap","socks","square-envelope","square-pen","square-phone","square-phone-flip","table","table-columns","tag","tags","thumbtack","timeline","trademark","vault","wallet"],"label":"Business"},"camping":{"icons":["binoculars","campground","caravan","compass","faucet","fire","fire-flame-curved","frog","kit-medical","map","map-location","map-location-dot","mountain","person-hiking","route","signs-post","toilet-paper","trailer","tree"],"label":"Camping"},"charity":{"icons":["circle-dollar-to-slot","dollar-sign","dove","gift","globe","hand-holding-dollar","hand-holding-droplet","hand-holding-heart","handshake","handshake-angle","heart","leaf","parachute-box","piggy-bank","ribbon","seedling"],"label":"Charity"},"childhood":{"icons":["apple-whole","baby","baby-carriage","bath","cake-candles","cookie","cookie-bite","gamepad","ice-cream","mitten","person-biking","robot","school","shapes","snowman"],"label":"Childhood"},"clothing-fashion":{"icons":["graduation-cap","hat-cowboy","hat-cowboy-side","hat-wizard","mitten","shoe-prints","socks","tshirt","user-tie"],"label":"Clothing + Fashion"},"coding":{"icons":["barcode","bars","bars-staggered","bath","box-archive","bug","code","code-branch","code-commit","code-compare","code-fork","code-merge","code-pull-request","cube","cubes","diagram-project","file","file-code","file-lines","filter","fire-extinguisher","folder","folder-open","gears","keyboard","laptop-code","microchip","mug-saucer","network-wired","qrcode","rectangle-xmark","shield-blank","sitemap","terminal","user-secret","window-maximize","window-minimize","window-restore"],"label":"Coding"},"communication":{"icons":["address-book","address-card","at","blender-phone","bluetooth-b","bullhorn","comment","comment-dots","comment-medical","comment-slash","comment-sms","comments","ear-listen","envelope","envelope-open","face-frown","face-meh","face-smile","fax","hands-asl-interpreting","icons","inbox","language","message","microphone","microphone-lines","microphone-lines-slash","microphone-slash","mobile-button","mobile-screen-button","paper-plane","phone","phone-flip","phone-slash","phone-volume","poo","quote-left","quote-right","square-envelope","square-phone","square-phone-flip","square-rss","tty","video","video-slash","voicemail"],"label":"Communication"},"connectivity":{"icons":["bluetooth","cloud","cloud-arrow-down","cloud-arrow-up","globe","rss","satellite-dish","signal","tower-broadcast","wifi"],"label":"Connectivity"},"construction":{"icons":["brush","compass-drafting","dumpster","dumpster-fire","hammer","helmet-safety","paint-roller","pen-ruler","pencil","ruler","ruler-combined","ruler-horizontal","ruler-vertical","screwdriver","screwdriver-wrench","toolbox","truck-pickup","wrench"],"label":"Construction"},"design":{"icons":["bezier-curve","brush","circle-half-stroke","clone","compass-drafting","copy","crop","crop-simple","crosshairs","cube","cubes","draw-polygon","droplet","droplet-slash","eraser","eye","eye-dropper","eye-slash","fill","fill-drip","floppy-disk","highlighter","icons","layer-group","marker","object-group","object-ungroup","paint-brush","paint-roller","palette","paste","pen","pen-clip","pen-fancy","pen-nib","pen-ruler","pen-to-square","pencil","ruler-combined","ruler-horizontal","ruler-vertical","scissors","splotch","spray-can","stamp","swatchbook","vector-square","wand-magic"],"label":"Design"},"devices-hardware":{"icons":["blender-phone","camera","camera-retro","car-battery","compact-disc","computer-mouse","database","desktop","download","ethernet","fax","floppy-disk","gamepad","hard-drive","headphones","house-laptop","keyboard","laptop","memory","microchip","mobile-button","mobile-screen-button","plug","power-off","print","satellite","satellite-dish","sd-card","server","sim-card","tablet-button","tablet-screen-button","tachograph-digital","tv","upload"],"label":"Devices + Hardware"},"editing":{"icons":["arrows-rotate","bandage","bars","brush","check","check-double","circle-check","circle-half-stroke","crop","crop-simple","cube","delete-left","ellipsis","ellipsis-vertical","eye-dropper","eye-slash","grip","grip-lines","grip-lines-vertical","grip-vertical","link","link-slash","paint-brush","pen","pen-clip","pen-fancy","pen-nib","pen-ruler","pen-to-square","pencil","rotate","scissors","signature","sliders","square-check","square-pen","trash","trash-arrow-up","trash-can","trash-can-arrow-up","wand-magic"],"label":"Editing"},"education":{"icons":["apple-whole","atom","award","bell","bell-slash","book-open","book-open-reader","chalkboard","chalkboard-user","graduation-cap","laptop-code","masks-theater","microscope","music","school","shapes","user-graduate"],"label":"Education"},"emoji":{"icons":["face-angry","face-dizzy","face-flushed","face-frown","face-frown-open","face-grimace","face-grin","face-grin-beam","face-grin-beam-sweat","face-grin-hearts","face-grin-squint","face-grin-squint-tears","face-grin-stars","face-grin-tears","face-grin-tongue","face-grin-tongue-squint","face-grin-tongue-wink","face-grin-wide","face-grin-wink","face-kiss","face-kiss-beam","face-kiss-wink-heart","face-laugh","face-laugh-beam","face-laugh-squint","face-laugh-wink","face-meh","face-meh-blank","face-rolling-eyes","face-sad-cry","face-sad-tear","face-smile","face-smile-beam","face-smile-wink","face-surprise","face-tired"],"label":"Emoji"},"energy":{"icons":["atom","battery-empty","battery-full","battery-half","battery-quarter","battery-three-quarters","bolt","car-battery","charging-station","circle-radiation","fan","fire","fire-flame-curved","fire-flame-simple","gas-pump","industry","leaf","lightbulb","plug","poop","power-off","radiation","seedling","solar-panel","sun","tower-broadcast","water","wind"],"label":"Energy"},"files":{"icons":["box-archive","clone","copy","file","file-arrow-down","file-arrow-up","file-audio","file-code","file-csv","file-excel","file-export","file-image","file-import","file-lines","file-pdf","file-powerpoint","file-video","file-word","file-zipper","floppy-disk","folder","folder-open","note-sticky","paste","photo-film","scissors"],"label":"Files"},"film-video":{"icons":["audio-description","circle","clapperboard","closed-captioning","compact-disc","file-audio","file-video","film","headphones","microphone","microphone-lines","microphone-lines-slash","microphone-slash","photo-film","podcast","square-rss","tower-broadcast","tv","video","video-slash","youtube"],"label":"Film + Video"},"food-beverage":{"icons":["apple-whole","bacon","beer-mug-empty","blender","bone","bread-slice","burger","candy-cane","carrot","champagne-glasses","cheese","cloud-meatball","cookie","drumstick-bite","egg","fish","flask","hotdog","ice-cream","lemon","martini-glass","martini-glass-citrus","martini-glass-empty","mug-hot","mug-saucer","pepper-hot","pizza-slice","seedling","stroopwafel","whiskey-glass","wine-bottle","wine-glass","wine-glass-empty"],"label":"Food + Beverage"},"fruits-vegetables":{"icons":["apple-whole","carrot","leaf","lemon","pepper-hot","seedling"],"label":"Fruits + Vegetables"},"gaming":{"icons":["acquisitions-incorporated","book-skull","chess","chess-bishop","chess-board","chess-king","chess-knight","chess-pawn","chess-queen","chess-rook","critical-role","d-and-d","d-and-d-beyond","dice","dice-d20","dice-d6","dice-five","dice-four","dice-one","dice-six","dice-three","dice-two","dragon","dungeon","fantasy-flight-games","gamepad","ghost","hand-fist","hat-wizard","headset","heart","penny-arcade","playstation","puzzle-piece","ring","scroll","skull-crossbones","square-full","steam","steam-square","steam-symbol","twitch","vr-cardboard","wizards-of-the-coast","xbox"],"label":"Gaming"},"gender":{"icons":["genderless","mars","mars-double","mars-stroke","mars-stroke-right","mars-stroke-up","mercury","neuter","transgender","transgender-alt","venus","venus-double","venus-mars"],"label":"Genders"},"halloween":{"icons":["book-skull","broom","cat","cloud-moon","crow","ghost","hat-wizard","mask","skull","skull-crossbones","spider","toilet-paper"],"label":"Halloween"},"hands":{"icons":["hand-dots","hand-fist","hand-holding","hand-holding-dollar","hand-holding-droplet","hand-holding-heart","hand-holding-medical","hand-lizard","hand-middle-finger","hand-paper","hand-peace","hand-point-down","hand-point-left","hand-point-right","hand-point-up","hand-pointer","hand-rock","hand-scissors","hand-sparkles","hand-spock","hands-bubbles","hands-clapping","hands-holding","hands-praying","handshake","handshake-angle","handshake-simple-slash","handshake-slash","thumbs-down","thumbs-up"],"label":"Hands"},"holidays":{"icons":["candy-cane","carrot","champagne-glasses","cookie-bite","face-grin-hearts","face-kiss-wink-heart","gift","gifts","heart","holly-berry","menorah","mug-hot","sleigh","snowman"],"label":"Holidays"},"household":{"icons":["bath","bed","bell","blender","box-tissue","chair","couch","door-closed","door-open","dungeon","fan","faucet","house-laptop","house-user","lightbulb","mug-saucer","plug","pump-soap","shower","sink","snowflake","soap","stairs","toilet","toilet-paper","toilet-paper-slash","tv"],"label":"Household"},"logistics":{"icons":["box","boxes-stacked","cart-flatbed","clipboard-check","clipboard-list","dolly","gears","helmet-safety","pallet","truck","truck-fast","warehouse"],"label":"Logistics"},"maps":{"icons":["anchor","bag-shopping","bank","basket-shopping","bath","bed","beer-mug-empty","bell","bell-slash","bicycle","binoculars","bomb","book","book-atlas","bookmark","briefcase","building","cake-candles","car","cart-shopping","circle-info","crosshairs","diamond-turn-right","dollar-sign","draw-polygon","droplet","eye","eye-low-vision","eye-slash","fire","fire-extinguisher","fire-flame-curved","flag","flag-checkered","flask","gamepad","gavel","gift","globe","graduation-cap","heart","heart-pulse","helicopter","home","hospital","image","images","industry","info","jet-fighter","key","landmark","layer-group","leaf","lemon","life-ring","lightbulb","location","location-arrow","location-dot","magnet","magnifying-glass","magnifying-glass-minus","magnifying-glass-plus","map","map-pin","martini-glass-empty","money-bill","money-bill-1","motorcycle","mug-saucer","music","newspaper","paw","person","person-walking-with-cane","phone","phone-flip","phone-volume","plane","plug","plus","print","recycle","restroom","road","rocket","route","scale-balanced","scale-unbalanced","scale-unbalanced-flip","ship","shoe-prints","shower","signs-post","snowplow","spoon","square-h","square-parking","square-phone","square-phone-flip","square-plus","street-view","suitcase","suitcase-medical","tag","tags","taxi","thumbtack","ticket-simple","traffic-light","train","train-subway","train-tram","tree","trophy","truck","truck-medical","tty","umbrella","utensils","vest","vest-patches","wheelchair","wifi","wine-glass","wrench"],"label":"Maps"},"marketing":{"icons":["bullhorn","bullseye","comment-dollar","comments-dollar","envelope-open-text","envelopes-bulk","filter-circle-dollar","lightbulb","magnifying-glass-dollar","magnifying-glass-location","rectangle-ad","square-poll-horizontal","square-poll-vertical","timeline"],"label":"Marketing"},"mathematics":{"icons":["calculator","circle-minus","circle-plus","circle-xmark","divide","equals","greater-than","greater-than-equal","infinity","less-than","less-than-equal","minus","not-equal","percent","plus","plus-minus","square-minus","square-root-variable","subscript","superscript","wave-square","xmark"],"label":"Mathematics"},"media-playback":{"icons":["arrow-rotate-left","arrow-rotate-right","arrows-rotate","backward","backward-fast","backward-step","circle-pause","circle-play","circle-stop","compress","down-left-and-up-right-to-center","eject","expand","forward","forward-fast","forward-step","hand-paper","maximize","minimize","music","pause","phone-volume","play","plus-minus","repeat","rotate","rotate-left","rss","shuffle","sliders","stop","up-right-and-down-left-from-center","volume-high","volume-low","volume-off","volume-xmark"],"label":"Media Playback"},"medical-health":{"icons":["accessible-icon","bacteria","bacterium","ban-smoking","bandage","bed-pulse","biohazard","bone","bong","book-medical","brain","briefcase-medical","cannabis","capsules","circle-h","circle-radiation","clock-rotate-left","comment-medical","crutch","disease","dna","eye-dropper","file-medical","file-prescription","file-waveform","fire-flame-simple","flask","hand-dots","hand-holding-medical","head-side-cough","head-side-cough-slash","head-side-mask","head-side-virus","heart","heart-pulse","hospital","hospital-user","hospital-wide","house-medical","id-card-clip","joint","kit-medical","laptop-medical","lungs","lungs-virus","mask-face","microscope","mortar-pestle","notes-medical","pager","person-dots-from-line","pills","plus","poop","prescription","prescription-bottle","prescription-bottle-medical","pump-medical","radiation","receipt","shield-virus","skull","skull-crossbones","smoking","square-h","square-plus","star-of-life","stethoscope","suitcase-medical","syringe","tablets","teeth","teeth-open","thermometer","tooth","truck-medical","user-doctor","user-nurse","vial","vials","virus","virus-slash","viruses","weight-scale","wheelchair","x-ray"],"label":"Medical + Health"},"money":{"icons":["austral-sign","baht-sign","bitcoin","bitcoin-sign","btc","cash-register","cedi-sign","cent-sign","chart-line","chart-pie","circle-dollar-to-slot","coins","colon-sign","comment-dollar","comments-dollar","credit-card","cruzeiro-sign","dollar-sign","dong-sign","ethereum","euro-sign","file-invoice","file-invoice-dollar","florin-sign","franc-sign","gg","gg-circle","guarani-sign","hand-holding-dollar","hryvnia-sign","indian-rupee-sign","kip-sign","landmark","lari-sign","lira-sign","litecoin-sign","manat-sign","mill-sign","money-bill","money-bill-1","money-bill-1-wave","money-bill-wave","money-check","money-check-dollar","naira-sign","percent","peseta-sign","peso-sign","piggy-bank","receipt","ruble-sign","rupee-sign","rupiah-sign","scale-balanced","scale-unbalanced","scale-unbalanced-flip","shekel-sign","stamp","sterling-sign","tenge-sign","turkish-lira-sign","vault","wallet","won-sign","yen-sign"],"label":"Money"},"moving":{"icons":["box-archive","box-open","caravan","couch","dolly","people-carry-box","route","sign-hanging","suitcase","tape","trailer","truck-moving","truck-ramp-box","wine-glass"],"label":"Moving"},"music-audio":{"icons":["compact-disc","drum","drum-steelpan","file-audio","guitar","headphones","headphones-simple","microphone","microphone-lines","microphone-lines-slash","microphone-slash","music","napster","record-vinyl","sliders","soundcloud","spotify","volume-high","volume-low","volume-off","volume-xmark"],"label":"Music + Audio"},"nature":{"icons":["binoculars","bug","cannabis","cloud-sun","clover","feather","feather-pointed","fire","frog","icicles","leaf","mountain","person-hiking","seedling","signs-post","spider","tree","water","wind"],"label":"Nature"},"numbers":{"icons":["0","1","2","3","4","5","6","7","8","9"],"label":"Numbers"},"photos-images":{"icons":["bolt","camera","camera-retro","camera-rotate","chalkboard","circle-half-stroke","clone","droplet","eye","eye-dropper","eye-slash","file-image","film","id-badge","id-card","image","image-portrait","images","minimize","panorama","photo-film","sliders","unsplash"],"label":"Photos + Images"},"political":{"icons":["award","bullhorn","check-double","check-to-slot","circle-dollar-to-slot","democrat","dove","dumpster-fire","flag-usa","hand-fist","handshake","person-booth","piggy-bank","republican","scale-balanced","scale-unbalanced","scale-unbalanced-flip"],"label":"Political"},"punctuation-symbols":{"icons":["asterisk","at","check","check-double","circle-exclamation","circle-question","equals","exclamation","greater-than","hashtag","less-than","minus","percent","plus","question","quote-left","quote-right","section"],"label":"Punctuation + Symbols"},"religion":{"icons":["ankh","atom","bahai","book-bible","book-journal-whills","book-quran","church","cross","dharmachakra","dove","gopuram","hamsa","hands-praying","hanukiah","jedi","kaaba","khanda","menorah","mosque","om","peace","person-praying","place-of-worship","scroll-torah","spaghetti-monster-flying","star-and-crescent","star-of-david","synagogue","torii-gate","vihara","yin-yang"],"label":"Religion"},"science":{"icons":["atom","biohazard","brain","capsules","circle-radiation","clipboard-check","disease","dna","eye-dropper","filter","fire","fire-flame-curved","fire-flame-simple","flask","frog","magnet","microscope","mortar-pestle","pills","prescription-bottle","radiation","seedling","skull-crossbones","syringe","tablets","temperature-high","temperature-low","vial","vials"],"label":"Science"},"science-fiction":{"icons":["atom","book-journal-whills","galactic-republic","galactic-senate","hand-spock","jedi","jedi-order","old-republic","robot","rocket","user-astronaut"],"label":"Science Fiction"},"security":{"icons":["ban","bug","door-closed","door-open","dungeon","eye","eye-slash","file-contract","file-signature","fingerprint","id-badge","id-card","id-card-clip","key","lock","lock-open","mask","passport","shield-blank","unlock","unlock-keyhole","user-lock","user-secret","user-shield"],"label":"Security"},"shapes":{"icons":["bookmark","calendar","certificate","circle","cloud","clover","comment","crown","file","folder","heart","heart-crack","location","play","shapes","square","star","ticket-simple"],"label":"Shapes"},"shopping":{"icons":["alipay","amazon-pay","apple-pay","bag-shopping","barcode","basket-shopping","bell","bitcoin","bookmark","btc","bullhorn","camera","camera-retro","cart-arrow-down","cart-plus","cart-shopping","cash-register","cc-amazon-pay","cc-amex","cc-apple-pay","cc-diners-club","cc-discover","cc-jcb","cc-mastercard","cc-paypal","cc-stripe","cc-visa","certificate","credit-card","ethereum","gem","gift","gifts","google-pay","google-wallet","handshake","heart","key","money-check","money-check-dollar","paypal","person-booth","receipt","shop","shop-slash","star","store","store-slash","stripe","stripe-s","tag","tags","thumbs-down","thumbs-up","trophy","truck","truck-fast","tshirt"],"label":"Shopping"},"social":{"icons":["bell","cake-candles","camera","circle-user","comment","envelope","hashtag","heart","icons","image","images","location","location-dot","message","photo-film","retweet","share","share-from-square","share-nodes","square-poll-horizontal","square-poll-vertical","square-share-nodes","star","thumbs-down","thumbs-up","thumbtack","user","user-group","user-plus","users","video"],"label":"Social"},"spinners":{"icons":["asterisk","atom","bahai","certificate","circle-notch","compact-disc","compass","crosshairs","dharmachakra","fan","gear","life-ring","palette","ring","rotate","slash","snowflake","spinner","stroopwafel","sun","yin-yang"],"label":"Spinners"},"sports-fitness":{"icons":["baseball-ball","basketball-ball","bicycle","bowling-ball","dumbbell","fire-flame-curved","fire-flame-simple","football-ball","futbol-ball","golf-ball-tee","heart","heart-pulse","hockey-puck","medal","person-biking","person-hiking","person-running","person-skating","person-skiing","person-skiing-nordic","person-snowboarding","person-swimming","person-walking","quidditch-broom-ball","shoe-prints","spa","stopwatch-20","table-tennis-paddle-ball","volleyball-ball","weight-hanging"],"label":"Sports + Fitness"},"text-formatting":{"icons":["align-center","align-justify","align-left","align-right","bold","border-all","border-none","border-top-left","check","check-double","circle-check","filter-circle-xmark","font","heading","highlighter","i-cursor","icons","indent","italic","list","list-ol","list-ul","outdent","paragraph","rectangle-list","spell-check","square-check","strikethrough","subscript","superscript","table","table-cells","table-cells-large","table-columns","table-list","text-height","text-slash","text-width","underline"],"label":"Text Formatting"},"time":{"icons":["bell","bell-slash","calendar","calendar-check","calendar-day","calendar-days","calendar-minus","calendar-plus","calendar-week","calendar-xmark","clock","hourglass","hourglass-empty","hourglass-end","hourglass-start","stopwatch","stopwatch-20"],"label":"Time"},"toggle":{"icons":["bullseye","circle","circle-check","circle-dot","microphone","microphone-slash","signal","star","star-half","star-half-stroke","toggle-off","toggle-on","wifi"],"label":"Toggle"},"transportation":{"icons":["accessible-icon","baby-carriage","bicycle","bus","bus-simple","car","car-crash","car-rear","car-side","cart-shopping","helicopter","horse","jet-fighter","motorcycle","paper-plane","plane","plane-slash","rocket","ship","shuttle-space","sleigh","snowplow","taxi","tractor","train","train-subway","train-tram","truck","truck-medical","truck-monster","truck-pickup","van-shuttle","wheelchair"],"label":"Transportation"},"travel-hotel":{"icons":["archway","baby-carriage","ban-smoking","bath","bed","bell-concierge","book-atlas","briefcase","bus","bus-simple","car","caravan","cart-flatbed-suitcase","dice","dice-five","door-closed","door-open","dumbbell","earth-africa","earth-americas","earth-asia","earth-europa","elevator","hot-tub-person","hotel","infinity","key","map","map-location","map-location-dot","martini-glass","martini-glass-citrus","martini-glass-empty","monument","mug-saucer","passport","person-swimming","plane","plane-arrival","plane-departure","plane-slash","shower","smoking","snowflake","spa","stairs","suitcase","suitcase-rolling","taxi","toilet","train-tram","tv","umbrella-beach","utensils","van-shuttle","water-ladder","wheelchair","wifi","wine-glass","wine-glass-empty"],"label":"Travel + Hotel"},"users-people":{"icons":["accessible-icon","address-book","address-card","baby","bed","chalkboard-user","child","circle-user","elevator","face-frown","face-meh","face-smile","head-side-cough","head-side-cough-slash","head-side-mask","head-side-virus","hospital-user","hot-tub-person","house-user","id-badge","id-card","id-card-clip","image-portrait","people-arrows-left-right","people-carry-box","person","person-biking","person-booth","person-dots-from-line","person-dress","person-hiking","person-praying","person-running","person-skating","person-skiing","person-skiing-nordic","person-snowboarding","person-swimming","person-walking","person-walking-with-cane","poo","restroom","skull","street-view","user","user-astronaut","user-check","user-clock","user-doctor","user-gear","user-graduate","user-group","user-injured","user-large","user-large-slash","user-lock","user-minus","user-ninja","user-nurse","user-pen","user-plus","user-secret","user-shield","user-slash","user-tag","user-tie","user-xmark","users","users-gear","users-slash","wheelchair"],"label":"Users + People"},"weather":{"icons":["bolt","cloud","cloud-meatball","cloud-moon","cloud-moon-rain","cloud-rain","cloud-showers-heavy","cloud-sun","cloud-sun-rain","icicles","meteor","moon","poo-bolt","rainbow","smog","snowflake","sun","temperature-empty","temperature-full","temperature-half","temperature-high","temperature-low","temperature-quarter","temperature-three-quarters","umbrella","water","wind"],"label":"Weather"},"writing":{"icons":["blog","book","bookmark","box-archive","envelope","envelope-open","eraser","file","file-lines","folder","folder-open","keyboard","newspaper","note-sticky","paper-plane","paperclip","paragraph","pen","pen-clip","pen-to-square","pencil","quote-left","quote-right","signature","square-pen","thumbtack"],"label":"Writing"}}